keyCompany,stockCodeCompany,nameCompany,sectorCodeCompany,sectorCompany,segmentCompany
1,BRAP4,BRADESPAR,IMAT,BM&FBOVESPA BASIC MATERIALS INDEX (IMAT),SEGMENTS AND SECTORS
2,PMAM3,PARANAPANEMA,IMAT,BM&FBOVESPA BASIC MATERIALS INDEX (IMAT),SEGMENTS AND SECTORS
3,CSNA3,SID NACIONAL,IMAT,BM&FBOVESPA BASIC MATERIALS INDEX (IMAT),SEGMENTS AND SECTORS
4,SUZB3,SUZANO S.A.,IMAT,BM&FBOVESPA BASIC MATERIALS INDEX (IMAT),SEGMENTS AND SECTORS
5,BRKM5,BRASKEM,IMAT,BM&FBOVESPA BASIC MATERIALS INDEX (IMAT),SEGMENTS AND SECTORS
6,RANI3,IRANI,IMAT,BM&FBOVESPA BASIC MATERIALS INDEX (IMAT),SEGMENTS AND SECTORS
7,DEXP3,DEXXOS PAR,IMAT,BM&FBOVESPA BASIC MATERIALS INDEX (IMAT),SEGMENTS AND SECTORS
8,GGBR4,GERDAU,IMAT,BM&FBOVESPA BASIC MATERIALS INDEX (IMAT),SEGMENTS AND SECTORS
9,UNIP6,UNIPAR,IMAT,BM&FBOVESPA BASIC MATERIALS INDEX (IMAT),SEGMENTS AND SECTORS
10,KLBN11,KLABIN S/A,IMAT,BM&FBOVESPA BASIC MATERIALS INDEX (IMAT),SEGMENTS AND SECTORS
11,GOAU4,GERDAU MET,IMAT,BM&FBOVESPA BASIC MATERIALS INDEX (IMAT),SEGMENTS AND SECTORS
12,DXCO3,DEXCO,IMAT,BM&FBOVESPA BASIC MATERIALS INDEX (IMAT),SEGMENTS AND SECTORS
13,USIM3,USIMINAS,IMAT,BM&FBOVESPA BASIC MATERIALS INDEX (IMAT),SEGMENTS AND SECTORS
14,USIM5,USIMINAS,IMAT,BM&FBOVESPA BASIC MATERIALS INDEX (IMAT),SEGMENTS AND SECTORS
15,FESA4,FERBASA,IMAT,BM&FBOVESPA BASIC MATERIALS INDEX (IMAT),SEGMENTS AND SECTORS
16,VALE3,VALE,IMAT,BM&FBOVESPA BASIC MATERIALS INDEX (IMAT),SEGMENTS AND SECTORS
17,AALR3,ALLIAR,ICON,BM&FBOVESPA CONSUMER STOCK INDEX (ICON),SEGMENTS AND SECTORS
18,ALPA4,ALPARGATAS,ICON,BM&FBOVESPA CONSUMER STOCK INDEX (ICON),SEGMENTS AND SECTORS
19,ABEV3,AMBEV S/A,ICON,BM&FBOVESPA CONSUMER STOCK INDEX (ICON),SEGMENTS AND SECTORS
20,AMER3,AMERICANAS,ICON,BM&FBOVESPA CONSUMER STOCK INDEX (ICON),SEGMENTS AND SECTORS
21,ANIM3,ANIMA,ICON,BM&FBOVESPA CONSUMER STOCK INDEX (ICON),SEGMENTS AND SECTORS
22,CMIN3,CSNMINERACAO,IMAT,BM&FBOVESPA BASIC MATERIALS INDEX (IMAT),SEGMENTS AND SECTORS
23,ARZZ3,AREZZO CO,ICON,BM&FBOVESPA CONSUMER STOCK INDEX (ICON),SEGMENTS AND SECTORS
24,ASAI3,ASSAI,ICON,BM&FBOVESPA CONSUMER STOCK INDEX (ICON),SEGMENTS AND SECTORS
25,BKBR3,BK BRASIL,ICON,BM&FBOVESPA CONSUMER STOCK INDEX (ICON),SEGMENTS AND SECTORS
26,AGRO3,BRASILAGRO,ICON,BM&FBOVESPA CONSUMER STOCK INDEX (ICON),SEGMENTS AND SECTORS
27,BRFS3,BRF SA,ICON,BM&FBOVESPA CONSUMER STOCK INDEX (ICON),SEGMENTS AND SECTORS
28,CAML3,CAMIL,ICON,BM&FBOVESPA CONSUMER STOCK INDEX (ICON),SEGMENTS AND SECTORS
29,CRFB3,CARREFOUR BR,ICON,BM&FBOVESPA CONSUMER STOCK INDEX (ICON),SEGMENTS AND SECTORS
30,CEAB3,CEA MODAS,ICON,BM&FBOVESPA CONSUMER STOCK INDEX (ICON),SEGMENTS AND SECTORS
31,HGTX3,CIA HERING,ICON,BM&FBOVESPA CONSUMER STOCK INDEX (ICON),SEGMENTS AND SECTORS
32,COGN3,COGNA ON,ICON,BM&FBOVESPA CONSUMER STOCK INDEX (ICON),SEGMENTS AND SECTORS
33,CURY3,CURY S/A,ICON,BM&FBOVESPA CONSUMER STOCK INDEX (ICON),SEGMENTS AND SECTORS
34,CVCB3,CVC BRASIL,ICON,BM&FBOVESPA CONSUMER STOCK INDEX (ICON),SEGMENTS AND SECTORS
35,CYRE3,CYRELA REALT,ICON,BM&FBOVESPA CONSUMER STOCK INDEX (ICON),SEGMENTS AND SECTORS
36,PNVL3,DIMED,ICON,BM&FBOVESPA CONSUMER STOCK INDEX (ICON),SEGMENTS AND SECTORS
37,DIRR3,DIRECIONAL,ICON,BM&FBOVESPA CONSUMER STOCK INDEX (ICON),SEGMENTS AND SECTORS
38,ESPA3,ESPACOLASER,ICON,BM&FBOVESPA CONSUMER STOCK INDEX (ICON),SEGMENTS AND SECTORS
39,EVEN3,EVEN,ICON,BM&FBOVESPA CONSUMER STOCK INDEX (ICON),SEGMENTS AND SECTORS
40,EZTC3,EZTEC,ICON,BM&FBOVESPA CONSUMER STOCK INDEX (ICON),SEGMENTS AND SECTORS
41,FLRY3,FLEURY,ICON,BM&FBOVESPA CONSUMER STOCK INDEX (ICON),SEGMENTS AND SECTORS
42,GFSA3,GAFISA,ICON,BM&FBOVESPA CONSUMER STOCK INDEX (ICON),SEGMENTS AND SECTORS
43,GRND3,GRENDENE,ICON,BM&FBOVESPA CONSUMER STOCK INDEX (ICON),SEGMENTS AND SECTORS
44,GMAT3,GRUPO MATEUS,ICON,BM&FBOVESPA CONSUMER STOCK INDEX (ICON),SEGMENTS AND SECTORS
45,NTCO3,GRUPO NATURA,ICON,BM&FBOVESPA CONSUMER STOCK INDEX (ICON),SEGMENTS AND SECTORS
46,SBFG3,GRUPO SBF,ICON,BM&FBOVESPA CONSUMER STOCK INDEX (ICON),SEGMENTS AND SECTORS
47,SOMA3,GRUPO SOMA,ICON,BM&FBOVESPA CONSUMER STOCK INDEX (ICON),SEGMENTS AND SECTORS
48,GUAR3,GUARARAPES,ICON,BM&FBOVESPA CONSUMER STOCK INDEX (ICON),SEGMENTS AND SECTORS
49,HAPV3,HAPVIDA,ICON,BM&FBOVESPA CONSUMER STOCK INDEX (ICON),SEGMENTS AND SECTORS
50,HBOR3,HELBOR,ICON,BM&FBOVESPA CONSUMER STOCK INDEX (ICON),SEGMENTS AND SECTORS
51,HYPE3,HYPERA,ICON,BM&FBOVESPA CONSUMER STOCK INDEX (ICON),SEGMENTS AND SECTORS
52,PARD3,IHPARDINI,ICON,BM&FBOVESPA CONSUMER STOCK INDEX (ICON),SEGMENTS AND SECTORS
53,MEAL3,IMC S/A,ICON,BM&FBOVESPA CONSUMER STOCK INDEX (ICON),SEGMENTS AND SECTORS
54,GNDI3,INTERMEDICA,ICON,BM&FBOVESPA CONSUMER STOCK INDEX (ICON),SEGMENTS AND SECTORS
55,MYPK3,IOCHP-MAXION,ICON,BM&FBOVESPA CONSUMER STOCK INDEX (ICON),SEGMENTS AND SECTORS
56,JBSS3,JBS,ICON,BM&FBOVESPA CONSUMER STOCK INDEX (ICON),SEGMENTS AND SECTORS
57,JHSF3,JHSF PART,ICON,BM&FBOVESPA CONSUMER STOCK INDEX (ICON),SEGMENTS AND SECTORS
58,LAVV3,LAVVI,ICON,BM&FBOVESPA CONSUMER STOCK INDEX (ICON),SEGMENTS AND SECTORS
59,RENT3,LOCALIZA,ICON,BM&FBOVESPA CONSUMER STOCK INDEX (ICON),SEGMENTS AND SECTORS
60,LCAM3,LOCAMERICA,ICON,BM&FBOVESPA CONSUMER STOCK INDEX (ICON),SEGMENTS AND SECTORS
61,LAME3,LOJAS AMERIC,ICON,BM&FBOVESPA CONSUMER STOCK INDEX (ICON),SEGMENTS AND SECTORS
62,LAME4,LOJAS AMERIC,ICON,BM&FBOVESPA CONSUMER STOCK INDEX (ICON),SEGMENTS AND SECTORS
63,AMAR3,LOJAS MARISA,ICON,BM&FBOVESPA CONSUMER STOCK INDEX (ICON),SEGMENTS AND SECTORS
64,LREN3,LOJAS RENNER,ICON,BM&FBOVESPA CONSUMER STOCK INDEX (ICON),SEGMENTS AND SECTORS
65,MDIA3,M.DIASBRANCO,ICON,BM&FBOVESPA CONSUMER STOCK INDEX (ICON),SEGMENTS AND SECTORS
66,MGLU3,MAGAZ LUIZA,ICON,BM&FBOVESPA CONSUMER STOCK INDEX (ICON),SEGMENTS AND SECTORS
67,MRFG3,MARFRIG,ICON,BM&FBOVESPA CONSUMER STOCK INDEX (ICON),SEGMENTS AND SECTORS
68,MELK3,MELNICK,ICON,BM&FBOVESPA CONSUMER STOCK INDEX (ICON),SEGMENTS AND SECTORS
69,LEVE3,METAL LEVE,ICON,BM&FBOVESPA CONSUMER STOCK INDEX (ICON),SEGMENTS AND SECTORS
70,BEEF3,MINERVA,ICON,BM&FBOVESPA CONSUMER STOCK INDEX (ICON),SEGMENTS AND SECTORS
71,MTRE3,MITRE REALTY,ICON,BM&FBOVESPA CONSUMER STOCK INDEX (ICON),SEGMENTS AND SECTORS
72,MOVI3,MOVIDA,ICON,BM&FBOVESPA CONSUMER STOCK INDEX (ICON),SEGMENTS AND SECTORS
73,MRVE3,MRV,ICON,BM&FBOVESPA CONSUMER STOCK INDEX (ICON),SEGMENTS AND SECTORS
74,ODPV3,ODONTOPREV,ICON,BM&FBOVESPA CONSUMER STOCK INDEX (ICON),SEGMENTS AND SECTORS
75,PCAR3,P.ACUCAR-CBD,ICON,BM&FBOVESPA CONSUMER STOCK INDEX (ICON),SEGMENTS AND SECTORS
76,PGMN3,PAGUE MENOS,ICON,BM&FBOVESPA CONSUMER STOCK INDEX (ICON),SEGMENTS AND SECTORS
77,PETZ3,PETZ,ICON,BM&FBOVESPA CONSUMER STOCK INDEX (ICON),SEGMENTS AND SECTORS
78,PLPL3,PLANOEPLANO,ICON,BM&FBOVESPA CONSUMER STOCK INDEX (ICON),SEGMENTS AND SECTORS
79,QUAL3,QUALICORP,ICON,BM&FBOVESPA CONSUMER STOCK INDEX (ICON),SEGMENTS AND SECTORS
80,LJQQ3,QUERO-QUERO,ICON,BM&FBOVESPA CONSUMER STOCK INDEX (ICON),SEGMENTS AND SECTORS
81,RADL3,RAIADROGASIL,ICON,BM&FBOVESPA CONSUMER STOCK INDEX (ICON),SEGMENTS AND SECTORS
82,RDOR3,REDE D OR,ICON,BM&FBOVESPA CONSUMER STOCK INDEX (ICON),SEGMENTS AND SECTORS
83,SMTO3,SAO MARTINHO,ICON,BM&FBOVESPA CONSUMER STOCK INDEX (ICON),SEGMENTS AND SECTORS
84,SEER3,SER EDUCA,ICON,BM&FBOVESPA CONSUMER STOCK INDEX (ICON),SEGMENTS AND SECTORS
85,SLCE3,SLC AGRICOLA,ICON,BM&FBOVESPA CONSUMER STOCK INDEX (ICON),SEGMENTS AND SECTORS
86,TECN3,TECHNOS,ICON,BM&FBOVESPA CONSUMER STOCK INDEX (ICON),SEGMENTS AND SECTORS
87,TCSA3,TECNISA,ICON,BM&FBOVESPA CONSUMER STOCK INDEX (ICON),SEGMENTS AND SECTORS
88,TEND3,TENDA,ICON,BM&FBOVESPA CONSUMER STOCK INDEX (ICON),SEGMENTS AND SECTORS
89,SHOW3,TIME FOR FUN,ICON,BM&FBOVESPA CONSUMER STOCK INDEX (ICON),SEGMENTS AND SECTORS
90,TRIS3,TRISUL,ICON,BM&FBOVESPA CONSUMER STOCK INDEX (ICON),SEGMENTS AND SECTORS
91,VAMO3,VAMOS,ICON,BM&FBOVESPA CONSUMER STOCK INDEX (ICON),SEGMENTS AND SECTORS
92,VIIA3,VIA,ICON,BM&FBOVESPA CONSUMER STOCK INDEX (ICON),SEGMENTS AND SECTORS
93,VIVA3,VIVARA S.A.,ICON,BM&FBOVESPA CONSUMER STOCK INDEX (ICON),SEGMENTS AND SECTORS
94,VULC3,VULCABRAS,ICON,BM&FBOVESPA CONSUMER STOCK INDEX (ICON),SEGMENTS AND SECTORS
95,YDUQ3,YDUQS PART,ICON,BM&FBOVESPA CONSUMER STOCK INDEX (ICON),SEGMENTS AND SECTORS
96,ABCB4,ABC BRASIL,IDIV,BM&FBOVESPA DIVIDEND INDEX (IDIV),SEGMENTS AND SECTORS
97,BRSR6,BANRISUL,IDIV,BM&FBOVESPA DIVIDEND INDEX (IDIV),SEGMENTS AND SECTORS
98,BBSE3,BBSEGURIDADE,IDIV,BM&FBOVESPA DIVIDEND INDEX (IDIV),SEGMENTS AND SECTORS
99,BBDC3,BRADESCO,IDIV,BM&FBOVESPA DIVIDEND INDEX (IDIV),SEGMENTS AND SECTORS
100,BBDC4,BRADESCO,IDIV,BM&FBOVESPA DIVIDEND INDEX (IDIV),SEGMENTS AND SECTORS
101,BBAS3,BRASIL,IDIV,BM&FBOVESPA DIVIDEND INDEX (IDIV),SEGMENTS AND SECTORS
102,CCRO3,CCR SA,IDIV,BM&FBOVESPA DIVIDEND INDEX (IDIV),SEGMENTS AND SECTORS
103,CMIG3,CEMIG,IDIV,BM&FBOVESPA DIVIDEND INDEX (IDIV),SEGMENTS AND SECTORS
104,CMIG4,CEMIG,IDIV,BM&FBOVESPA DIVIDEND INDEX (IDIV),SEGMENTS AND SECTORS
105,CESP6,CESP,IDIV,BM&FBOVESPA DIVIDEND INDEX (IDIV),SEGMENTS AND SECTORS
106,CSMG3,COPASA,IDIV,BM&FBOVESPA DIVIDEND INDEX (IDIV),SEGMENTS AND SECTORS
107,CPLE3,COPEL,IDIV,BM&FBOVESPA DIVIDEND INDEX (IDIV),SEGMENTS AND SECTORS
108,CPLE6,COPEL,IDIV,BM&FBOVESPA DIVIDEND INDEX (IDIV),SEGMENTS AND SECTORS
109,CPFE3,CPFL ENERGIA,IDIV,BM&FBOVESPA DIVIDEND INDEX (IDIV),SEGMENTS AND SECTORS
110,ELET3,ELETROBRAS,IDIV,BM&FBOVESPA DIVIDEND INDEX (IDIV),SEGMENTS AND SECTORS
111,ELET6,ELETROBRAS,IDIV,BM&FBOVESPA DIVIDEND INDEX (IDIV),SEGMENTS AND SECTORS
112,ENAT3,ENAUTA PART,IDIV,BM&FBOVESPA DIVIDEND INDEX (IDIV),SEGMENTS AND SECTORS
113,ENBR3,ENERGIAS BR,IDIV,BM&FBOVESPA DIVIDEND INDEX (IDIV),SEGMENTS AND SECTORS
114,EGIE3,ENGIE BRASIL,IDIV,BM&FBOVESPA DIVIDEND INDEX (IDIV),SEGMENTS AND SECTORS
115,ROMI3,INDS ROMI,IDIV,BM&FBOVESPA DIVIDEND INDEX (IDIV),SEGMENTS AND SECTORS
116,ITSA4,ITAUSA,IDIV,BM&FBOVESPA DIVIDEND INDEX (IDIV),SEGMENTS AND SECTORS
117,ITUB3,ITAUUNIBANCO,IDIV,BM&FBOVESPA DIVIDEND INDEX (IDIV),SEGMENTS AND SECTORS
118,ITUB4,ITAUUNIBANCO,IDIV,BM&FBOVESPA DIVIDEND INDEX (IDIV),SEGMENTS AND SECTORS
119,PETR4,PETROBRAS,IDIV,BM&FBOVESPA DIVIDEND INDEX (IDIV),SEGMENTS AND SECTORS
120,BRDT3,PETROBRAS BR,IDIV,BM&FBOVESPA DIVIDEND INDEX (IDIV),SEGMENTS AND SECTORS
121,PSSA3,PORTO SEGURO,IDIV,BM&FBOVESPA DIVIDEND INDEX (IDIV),SEGMENTS AND SECTORS
122,SAPR4,SANEPAR,IDIV,BM&FBOVESPA DIVIDEND INDEX (IDIV),SEGMENTS AND SECTORS
123,SANB11,SANTANDER BR,IDIV,BM&FBOVESPA DIVIDEND INDEX (IDIV),SEGMENTS AND SECTORS
124,SYNE3,SYN PROP TEC,IDIV,BM&FBOVESPA DIVIDEND INDEX (IDIV),SEGMENTS AND SECTORS
125,TAEE11,TAESA,IDIV,BM&FBOVESPA DIVIDEND INDEX (IDIV),SEGMENTS AND SECTORS
126,TGMA3,TEGMA,IDIV,BM&FBOVESPA DIVIDEND INDEX (IDIV),SEGMENTS AND SECTORS
127,VIVT3,TELEF BRASIL,IDIV,BM&FBOVESPA DIVIDEND INDEX (IDIV),SEGMENTS AND SECTORS
128,TRPL4,TRAN PAULIST,IDIV,BM&FBOVESPA DIVIDEND INDEX (IDIV),SEGMENTS AND SECTORS
129,WIZS3,WIZ S.A.,IDIV,BM&FBOVESPA DIVIDEND INDEX (IDIV),SEGMENTS AND SECTORS
130,AESB3,AES BRASIL,IEEX,BM&FBOVESPA ELECTRIC UTILITIES INDEX (IEE),SEGMENTS AND SECTORS
131,ALUP11,ALUPAR,IEEX,BM&FBOVESPA ELECTRIC UTILITIES INDEX (IEE),SEGMENTS AND SECTORS
132,COCE5,COELCE,IEEX,BM&FBOVESPA ELECTRIC UTILITIES INDEX (IEE),SEGMENTS AND SECTORS
133,ENGI11,ENERGISA,IEEX,BM&FBOVESPA ELECTRIC UTILITIES INDEX (IEE),SEGMENTS AND SECTORS
134,ENEV3,ENEVA,IEEX,BM&FBOVESPA ELECTRIC UTILITIES INDEX (IEE),SEGMENTS AND SECTORS
135,EQTL3,EQUATORIAL,IEEX,BM&FBOVESPA ELECTRIC UTILITIES INDEX (IEE),SEGMENTS AND SECTORS
136,LIGT3,LIGHT S/A,IEEX,BM&FBOVESPA ELECTRIC UTILITIES INDEX (IEE),SEGMENTS AND SECTORS
137,NEOE3,NEOENERGIA,IEEX,BM&FBOVESPA ELECTRIC UTILITIES INDEX (IEE),SEGMENTS AND SECTORS
138,OMGE3,OMEGA GER,IEEX,BM&FBOVESPA ELECTRIC UTILITIES INDEX (IEE),SEGMENTS AND SECTORS
139,B3SA3,B3,IFNC,BM&FBOVESPA FINANCIALS INDEX (IFNC),SEGMENTS AND SECTORS
140,BMGB4,BANCO BMG,IFNC,BM&FBOVESPA FINANCIALS INDEX (IFNC),SEGMENTS AND SECTORS
141,BIDI4,BANCO INTER,IFNC,BM&FBOVESPA FINANCIALS INDEX (IFNC),SEGMENTS AND SECTORS
142,BIDI11,BANCO INTER,IFNC,BM&FBOVESPA FINANCIALS INDEX (IFNC),SEGMENTS AND SECTORS
143,BPAN4,BANCO PAN,IFNC,BM&FBOVESPA FINANCIALS INDEX (IFNC),SEGMENTS AND SECTORS
144,BOAS3,BOA VISTA,IFNC,BM&FBOVESPA FINANCIALS INDEX (IFNC),SEGMENTS AND SECTORS
145,BPAC11,BTGP BANCO,IFNC,BM&FBOVESPA FINANCIALS INDEX (IFNC),SEGMENTS AND SECTORS
146,CXSE3,CAIXA SEGURI,IFNC,BM&FBOVESPA FINANCIALS INDEX (IFNC),SEGMENTS AND SECTORS
147,CIEL3,CIELO,IFNC,BM&FBOVESPA FINANCIALS INDEX (IFNC),SEGMENTS AND SECTORS
148,CARD3,CSU CARDSYST,IFNC,BM&FBOVESPA FINANCIALS INDEX (IFNC),SEGMENTS AND SECTORS
149,SULA11,SUL AMERICA,IFNC,BM&FBOVESPA FINANCIALS INDEX (IFNC),SEGMENTS AND SECTORS
150,AERI3,AERIS,INDX,BM&FBOVESPA INDUSTRIALS INDEX (INDX),SEGMENTS AND SECTORS
151,EMBR3,EMBRAER,INDX,BM&FBOVESPA INDUSTRIALS INDEX (INDX),SEGMENTS AND SECTORS
152,INTB3,INTELBRAS,INDX,BM&FBOVESPA INDUSTRIALS INDEX (INDX),SEGMENTS AND SECTORS
153,POMO4,MARCOPOLO,INDX,BM&FBOVESPA INDUSTRIALS INDEX (INDX),SEGMENTS AND SECTORS
154,PTBL3,PORTOBELLO,INDX,BM&FBOVESPA INDUSTRIALS INDEX (INDX),SEGMENTS AND SECTORS
155,POSI3,POSITIVO TEC,INDX,BM&FBOVESPA INDUSTRIALS INDEX (INDX),SEGMENTS AND SECTORS
156,RAPT4,RANDON PART,INDX,BM&FBOVESPA INDUSTRIALS INDEX (INDX),SEGMENTS AND SECTORS
157,TASA4,TAURUS ARMAS,INDX,BM&FBOVESPA INDUSTRIALS INDEX (INDX),SEGMENTS AND SECTORS
158,TUPY3,TUPY,INDX,BM&FBOVESPA INDUSTRIALS INDEX (INDX),SEGMENTS AND SECTORS
159,WEGE3,WEG,INDX,BM&FBOVESPA INDUSTRIALS INDEX (INDX),SEGMENTS AND SECTORS
160,AMBP3,AMBIPAR,UTIL,BM&FBOVESPA PUBLIC UTILITIES INDEX (UTIL),SEGMENTS AND SECTORS
161,SBSP3,SABESP,UTIL,BM&FBOVESPA PUBLIC UTILITIES INDEX (UTIL),SEGMENTS AND SECTORS
162,SAPR11,SANEPAR,UTIL,BM&FBOVESPA PUBLIC UTILITIES INDEX (UTIL),SEGMENTS AND SECTORS
163,ALSO3,ALIANSCSONAE,IMOB,BM&FBOVESPA REAL ESTATE INDEX (IMOB),SEGMENTS AND SECTORS
164,BBRK3,BR BROKERS,IMOB,BM&FBOVESPA REAL ESTATE INDEX (IMOB),SEGMENTS AND SECTORS
165,BRML3,BR MALLS PAR,IMOB,BM&FBOVESPA REAL ESTATE INDEX (IMOB),SEGMENTS AND SECTORS
166,BRPR3,BR PROPERT,IMOB,BM&FBOVESPA REAL ESTATE INDEX (IMOB),SEGMENTS AND SECTORS
167,IGTA3,IGUATEMI,IMOB,BM&FBOVESPA REAL ESTATE INDEX (IMOB),SEGMENTS AND SECTORS
168,JPSA3,JEREISSATI,IMOB,BM&FBOVESPA REAL ESTATE INDEX (IMOB),SEGMENTS AND SECTORS
169,LOGG3,LOG COM PROP,IMOB,BM&FBOVESPA REAL ESTATE INDEX (IMOB),SEGMENTS AND SECTORS
170,LPSB3,LOPES BRASIL,IMOB,BM&FBOVESPA REAL ESTATE INDEX (IMOB),SEGMENTS AND SECTORS
171,MULT3,MULTIPLAN,IMOB,BM&FBOVESPA REAL ESTATE INDEX (IMOB),SEGMENTS AND SECTORS
172,BPFF11,FII ABSOLUTO,IFIL,HIGH LIQUIDITY REAL ESTATE INVESTMENT FUND INDEX (IFIX L B3),SEGMENTS AND SECTORS
173,ALZR11,FII ALIANZA,IFIL,HIGH LIQUIDITY REAL ESTATE INVESTMENT FUND INDEX (IFIX L B3),SEGMENTS AND SECTORS
174,BARI11,FII BARIGUI,IFIL,HIGH LIQUIDITY REAL ESTATE INVESTMENT FUND INDEX (IFIX L B3),SEGMENTS AND SECTORS
175,BBPO11,FII BB PRGII,IFIL,HIGH LIQUIDITY REAL ESTATE INVESTMENT FUND INDEX (IFIX L B3),SEGMENTS AND SECTORS
176,BCFF11,FII BC FFII,IFIL,HIGH LIQUIDITY REAL ESTATE INVESTMENT FUND INDEX (IFIX L B3),SEGMENTS AND SECTORS
177,BRCR11,FII BC FUND,IFIL,HIGH LIQUIDITY REAL ESTATE INVESTMENT FUND INDEX (IFIX L B3),SEGMENTS AND SECTORS
178,BCRI11,FII BEES CRI,IFIL,HIGH LIQUIDITY REAL ESTATE INVESTMENT FUND INDEX (IFIX L B3),SEGMENTS AND SECTORS
179,BRCO11,FII BRESCO,IFIL,HIGH LIQUIDITY REAL ESTATE INVESTMENT FUND INDEX (IFIX L B3),SEGMENTS AND SECTORS
180,BTLG11,FII BTLG,IFIL,HIGH LIQUIDITY REAL ESTATE INVESTMENT FUND INDEX (IFIX L B3),SEGMENTS AND SECTORS
181,CPTS11,FII CAPI SEC,IFIL,HIGH LIQUIDITY REAL ESTATE INVESTMENT FUND INDEX (IFIX L B3),SEGMENTS AND SECTORS
182,HGCR11,FII CSHG CRI,IFIL,HIGH LIQUIDITY REAL ESTATE INVESTMENT FUND INDEX (IFIX L B3),SEGMENTS AND SECTORS
183,HGLG11,FII CSHG LOG,IFIL,HIGH LIQUIDITY REAL ESTATE INVESTMENT FUND INDEX (IFIX L B3),SEGMENTS AND SECTORS
184,HGRU11,FII CSHG URB,IFIL,HIGH LIQUIDITY REAL ESTATE INVESTMENT FUND INDEX (IFIX L B3),SEGMENTS AND SECTORS
185,DEVA11,FII DEVANT,IFIL,HIGH LIQUIDITY REAL ESTATE INVESTMENT FUND INDEX (IFIX L B3),SEGMENTS AND SECTORS
186,VRTA11,FII FATOR VE,IFIL,HIGH LIQUIDITY REAL ESTATE INVESTMENT FUND INDEX (IFIX L B3),SEGMENTS AND SECTORS
187,GTWR11,FII G TOWERS,IFIL,HIGH LIQUIDITY REAL ESTATE INVESTMENT FUND INDEX (IFIX L B3),SEGMENTS AND SECTORS
188,GGRC11,FII GGRCOVEP,IFIL,HIGH LIQUIDITY REAL ESTATE INVESTMENT FUND INDEX (IFIX L B3),SEGMENTS AND SECTORS
189,HABT11,FII HABIT II,IFIL,HIGH LIQUIDITY REAL ESTATE INVESTMENT FUND INDEX (IFIX L B3),SEGMENTS AND SECTORS
190,HCTR11,FII HECTARE,IFIL,HIGH LIQUIDITY REAL ESTATE INVESTMENT FUND INDEX (IFIX L B3),SEGMENTS AND SECTORS
191,HGBS11,FII HEDGEBS,IFIL,HIGH LIQUIDITY REAL ESTATE INVESTMENT FUND INDEX (IFIX L B3),SEGMENTS AND SECTORS
192,HGRE11,FII HG REAL,IFIL,HIGH LIQUIDITY REAL ESTATE INVESTMENT FUND INDEX (IFIX L B3),SEGMENTS AND SECTORS
193,HSML11,FII HSI MALL,IFIL,HIGH LIQUIDITY REAL ESTATE INVESTMENT FUND INDEX (IFIX L B3),SEGMENTS AND SECTORS
194,HFOF11,FII HTOPFOF3,IFIL,HIGH LIQUIDITY REAL ESTATE INVESTMENT FUND INDEX (IFIX L B3),SEGMENTS AND SECTORS
195,IRDM11,FII IRIDIUM,IFIL,HIGH LIQUIDITY REAL ESTATE INVESTMENT FUND INDEX (IFIX L B3),SEGMENTS AND SECTORS
196,JSRE11,FII JS REAL,IFIL,HIGH LIQUIDITY REAL ESTATE INVESTMENT FUND INDEX (IFIX L B3),SEGMENTS AND SECTORS
197,KISU11,FII KILIMA,IFIL,HIGH LIQUIDITY REAL ESTATE INVESTMENT FUND INDEX (IFIX L B3),SEGMENTS AND SECTORS
198,KNRI11,FII KINEA,IFIL,HIGH LIQUIDITY REAL ESTATE INVESTMENT FUND INDEX (IFIX L B3),SEGMENTS AND SECTORS
199,KNHY11,FII KINEA HY,IFIL,HIGH LIQUIDITY REAL ESTATE INVESTMENT FUND INDEX (IFIX L B3),SEGMENTS AND SECTORS
200,KNIP11,FII KINEA IP,IFIL,HIGH LIQUIDITY REAL ESTATE INVESTMENT FUND INDEX (IFIX L B3),SEGMENTS AND SECTORS
201,KNCR11,FII KINEA RI,IFIL,HIGH LIQUIDITY REAL ESTATE INVESTMENT FUND INDEX (IFIX L B3),SEGMENTS AND SECTORS
202,KNSC11,FII KINEA SC,IFIL,HIGH LIQUIDITY REAL ESTATE INVESTMENT FUND INDEX (IFIX L B3),SEGMENTS AND SECTORS
203,MALL11,FII MALLS BP,IFIL,HIGH LIQUIDITY REAL ESTATE INVESTMENT FUND INDEX (IFIX L B3),SEGMENTS AND SECTORS
204,MCCI11,FII MAUA,IFIL,HIGH LIQUIDITY REAL ESTATE INVESTMENT FUND INDEX (IFIX L B3),SEGMENTS AND SECTORS
205,MXRF11,FII MAXI REN,IFIL,HIGH LIQUIDITY REAL ESTATE INVESTMENT FUND INDEX (IFIX L B3),SEGMENTS AND SECTORS
206,MGFF11,FII MOGNO,IFIL,HIGH LIQUIDITY REAL ESTATE INVESTMENT FUND INDEX (IFIX L B3),SEGMENTS AND SECTORS
207,PATL11,FII PATR LOG,IFIL,HIGH LIQUIDITY REAL ESTATE INVESTMENT FUND INDEX (IFIX L B3),SEGMENTS AND SECTORS
208,RBRP11,FII RBR PROP,IFIL,HIGH LIQUIDITY REAL ESTATE INVESTMENT FUND INDEX (IFIX L B3),SEGMENTS AND SECTORS
209,RBRF11,FII RBRALPHA,IFIL,HIGH LIQUIDITY REAL ESTATE INVESTMENT FUND INDEX (IFIX L B3),SEGMENTS AND SECTORS
210,RBRR11,FII RBRHGRAD,IFIL,HIGH LIQUIDITY REAL ESTATE INVESTMENT FUND INDEX (IFIX L B3),SEGMENTS AND SECTORS
211,RECR11,FII REC RECE,IFIL,HIGH LIQUIDITY REAL ESTATE INVESTMENT FUND INDEX (IFIX L B3),SEGMENTS AND SECTORS
212,RECT11,FII REC REND,IFIL,HIGH LIQUIDITY REAL ESTATE INVESTMENT FUND INDEX (IFIX L B3),SEGMENTS AND SECTORS
213,RBVA11,FII RIOB VA,IFIL,HIGH LIQUIDITY REAL ESTATE INVESTMENT FUND INDEX (IFIX L B3),SEGMENTS AND SECTORS
214,RZTR11,FII RIZA TX,IFIL,HIGH LIQUIDITY REAL ESTATE INVESTMENT FUND INDEX (IFIX L B3),SEGMENTS AND SECTORS
215,SDIL11,FII SDI LOG,IFIL,HIGH LIQUIDITY REAL ESTATE INVESTMENT FUND INDEX (IFIX L B3),SEGMENTS AND SECTORS
216,TGAR11,FII TG ATIVO,IFIL,HIGH LIQUIDITY REAL ESTATE INVESTMENT FUND INDEX (IFIX L B3),SEGMENTS AND SECTORS
217,TORD11,FII TORDE EI,IFIL,HIGH LIQUIDITY REAL ESTATE INVESTMENT FUND INDEX (IFIX L B3),SEGMENTS AND SECTORS
218,TRXF11,FII TRX REAL,IFIL,HIGH LIQUIDITY REAL ESTATE INVESTMENT FUND INDEX (IFIX L B3),SEGMENTS AND SECTORS
219,URPR11,FII URCA REN,IFIL,HIGH LIQUIDITY REAL ESTATE INVESTMENT FUND INDEX (IFIX L B3),SEGMENTS AND SECTORS
220,VGIP11,FII VALORAIP,IFIL,HIGH LIQUIDITY REAL ESTATE INVESTMENT FUND INDEX (IFIX L B3),SEGMENTS AND SECTORS
221,CVBI11,FII VBI CRI,IFIL,HIGH LIQUIDITY REAL ESTATE INVESTMENT FUND INDEX (IFIX L B3),SEGMENTS AND SECTORS
222,LVBI11,FII VBI LOG,IFIL,HIGH LIQUIDITY REAL ESTATE INVESTMENT FUND INDEX (IFIX L B3),SEGMENTS AND SECTORS
223,PVBI11,FII VBI PRI,IFIL,HIGH LIQUIDITY REAL ESTATE INVESTMENT FUND INDEX (IFIX L B3),SEGMENTS AND SECTORS
224,VILG11,FII VINCI LG,IFIL,HIGH LIQUIDITY REAL ESTATE INVESTMENT FUND INDEX (IFIX L B3),SEGMENTS AND SECTORS
225,VINO11,FII VINCI OF,IFIL,HIGH LIQUIDITY REAL ESTATE INVESTMENT FUND INDEX (IFIX L B3),SEGMENTS AND SECTORS
226,VISC11,FII VINCI SC,IFIL,HIGH LIQUIDITY REAL ESTATE INVESTMENT FUND INDEX (IFIX L B3),SEGMENTS AND SECTORS
227,XPCI11,FII XP CRED,IFIL,HIGH LIQUIDITY REAL ESTATE INVESTMENT FUND INDEX (IFIX L B3),SEGMENTS AND SECTORS
228,XPIN11,FII XP INDL,IFIL,HIGH LIQUIDITY REAL ESTATE INVESTMENT FUND INDEX (IFIX L B3),SEGMENTS AND SECTORS
229,XPLG11,FII XP LOG,IFIL,HIGH LIQUIDITY REAL ESTATE INVESTMENT FUND INDEX (IFIX L B3),SEGMENTS AND SECTORS
230,XPCM11,FII XP MACAE,IFIL,HIGH LIQUIDITY REAL ESTATE INVESTMENT FUND INDEX (IFIX L B3),SEGMENTS AND SECTORS
231,XPML11,FII XP MALLS,IFIL,HIGH LIQUIDITY REAL ESTATE INVESTMENT FUND INDEX (IFIX L B3),SEGMENTS AND SECTORS
232,XPPR11,FII XP PROP,IFIL,HIGH LIQUIDITY REAL ESTATE INVESTMENT FUND INDEX (IFIX L B3),SEGMENTS AND SECTORS
233,XPSF11,FII XP SELEC,IFIL,HIGH LIQUIDITY REAL ESTATE INVESTMENT FUND INDEX (IFIX L B3),SEGMENTS AND SECTORS
234,CSAN3,COSAN,MLCX,MIDLARGECAP INDEX (MLCX),SEGMENTS AND SECTORS
235,PETR3,PETROBRAS,MLCX,MIDLARGECAP INDEX (MLCX),SEGMENTS AND SECTORS
236,PRIO3,PETRORIO,MLCX,MIDLARGECAP INDEX (MLCX),SEGMENTS AND SECTORS
237,RAIL3,RUMO S.A.,MLCX,MIDLARGECAP INDEX (MLCX),SEGMENTS AND SECTORS
238,TIMS3,TIM,MLCX,MIDLARGECAP INDEX (MLCX),SEGMENTS AND SECTORS
239,TOTS3,TOTVS,MLCX,MIDLARGECAP INDEX (MLCX),SEGMENTS AND SECTORS
240,UGPA3,ULTRAPAR,MLCX,MIDLARGECAP INDEX (MLCX),SEGMENTS AND SECTORS
241,ARCT11,FII ARCTIUM,IFIX,REAL ESTATE INVESTMENT FUND INDEX (IFIX),SEGMENTS AND SECTORS
242,AIEC11,FII AUTONOMY,IFIX,REAL ESTATE INVESTMENT FUND INDEX (IFIX),SEGMENTS AND SECTORS
243,BCIA11,FII BCIA,IFIX,REAL ESTATE INVESTMENT FUND INDEX (IFIX),SEGMENTS AND SECTORS
244,BLMR11,FII BLUE FOF,IFIX,REAL ESTATE INVESTMENT FUND INDEX (IFIX),SEGMENTS AND SECTORS
245,BZLI11,FII BRREALTY,IFIX,REAL ESTATE INVESTMENT FUND INDEX (IFIX),SEGMENTS AND SECTORS
246,BTAL11,FII BTG AGRO,IFIX,REAL ESTATE INVESTMENT FUND INDEX (IFIX),SEGMENTS AND SECTORS
247,BTCR11,FII BTG CRI,IFIX,REAL ESTATE INVESTMENT FUND INDEX (IFIX),SEGMENTS AND SECTORS
248,CPFF11,FII CAP REIT,IFIX,REAL ESTATE INVESTMENT FUND INDEX (IFIX),SEGMENTS AND SECTORS
249,HGFF11,FII CSHG FOF,IFIX,REAL ESTATE INVESTMENT FUND INDEX (IFIX),SEGMENTS AND SECTORS
250,HGPO11,FII CSHGPRIM,IFIX,REAL ESTATE INVESTMENT FUND INDEX (IFIX),SEGMENTS AND SECTORS
251,FEXC11,FII EXCELLEN,IFIX,REAL ESTATE INVESTMENT FUND INDEX (IFIX),SEGMENTS AND SECTORS
252,FIGS11,FII GEN SHOP,IFIX,REAL ESTATE INVESTMENT FUND INDEX (IFIX),SEGMENTS AND SECTORS
253,GALG11,FII GUARDIAN,IFIX,REAL ESTATE INVESTMENT FUND INDEX (IFIX),SEGMENTS AND SECTORS
254,HSLG11,FII HSI LOG,IFIX,REAL ESTATE INVESTMENT FUND INDEX (IFIX),SEGMENTS AND SECTORS
255,FIIB11,FII INDL BR,IFIX,REAL ESTATE INVESTMENT FUND INDEX (IFIX),SEGMENTS AND SECTORS
256,KFOF11,FII KINEAFOF,IFIX,REAL ESTATE INVESTMENT FUND INDEX (IFIX),SEGMENTS AND SECTORS
257,MFII11,FII MERITO I,IFIX,REAL ESTATE INVESTMENT FUND INDEX (IFIX),SEGMENTS AND SECTORS
258,MORE11,FII MORE RE,IFIX,REAL ESTATE INVESTMENT FUND INDEX (IFIX),SEGMENTS AND SECTORS
259,OUJP11,FII OURI JPP,IFIX,REAL ESTATE INVESTMENT FUND INDEX (IFIX),SEGMENTS AND SECTORS
260,PATC11,FII PATRIA,IFIX,REAL ESTATE INVESTMENT FUND INDEX (IFIX),SEGMENTS AND SECTORS
261,PLCR11,FII PLURAL R,IFIX,REAL ESTATE INVESTMENT FUND INDEX (IFIX),SEGMENTS AND SECTORS
262,PORD11,FII POLO CRI,IFIX,REAL ESTATE INVESTMENT FUND INDEX (IFIX),SEGMENTS AND SECTORS
263,QAGR11,FII QUASAR A,IFIX,REAL ESTATE INVESTMENT FUND INDEX (IFIX),SEGMENTS AND SECTORS
264,RFOF11,FII RB CFOF,IFIX,REAL ESTATE INVESTMENT FUND INDEX (IFIX),SEGMENTS AND SECTORS
265,RBRL11,FII RBR LOG,IFIX,REAL ESTATE INVESTMENT FUND INDEX (IFIX),SEGMENTS AND SECTORS
266,RBRY11,FII RBR PCRI,IFIX,REAL ESTATE INVESTMENT FUND INDEX (IFIX),SEGMENTS AND SECTORS
267,RBED11,FII RIOB ED,IFIX,REAL ESTATE INVESTMENT FUND INDEX (IFIX),SEGMENTS AND SECTORS
268,RBFF11,FII RIOB FF,IFIX,REAL ESTATE INVESTMENT FUND INDEX (IFIX),SEGMENTS AND SECTORS
269,RCRB11,FII RIOB RC,IFIX,REAL ESTATE INVESTMENT FUND INDEX (IFIX),SEGMENTS AND SECTORS
270,RZAK11,FII RIZA AKN,IFIX,REAL ESTATE INVESTMENT FUND INDEX (IFIX),SEGMENTS AND SECTORS
271,FLMA11,FII S F LIMA,IFIX,REAL ESTATE INVESTMENT FUND INDEX (IFIX),SEGMENTS AND SECTORS
272,SADI11,FII SANT PAP,IFIX,REAL ESTATE INVESTMENT FUND INDEX (IFIX),SEGMENTS AND SECTORS
273,SARE11,FII SANT REN,IFIX,REAL ESTATE INVESTMENT FUND INDEX (IFIX),SEGMENTS AND SECTORS
274,SPTW11,FII SP DOWNT,IFIX,REAL ESTATE INVESTMENT FUND INDEX (IFIX),SEGMENTS AND SECTORS
275,TEPP11,FII TEL PROP,IFIX,REAL ESTATE INVESTMENT FUND INDEX (IFIX),SEGMENTS AND SECTORS
276,VGIR11,FII VALREIII,IFIX,REAL ESTATE INVESTMENT FUND INDEX (IFIX),SEGMENTS AND SECTORS
277,RVBI11,FII VBI REIT,IFIX,REAL ESTATE INVESTMENT FUND INDEX (IFIX),SEGMENTS AND SECTORS
278,VCJR11,FII VECTIS,IFIX,REAL ESTATE INVESTMENT FUND INDEX (IFIX),SEGMENTS AND SECTORS
279,VSLH11,FII VERS CRI,IFIX,REAL ESTATE INVESTMENT FUND INDEX (IFIX),SEGMENTS AND SECTORS
280,VIFI11,FII VINCI IF,IFIX,REAL ESTATE INVESTMENT FUND INDEX (IFIX),SEGMENTS AND SECTORS
281,VTLT11,FII VOT LOG,IFIX,REAL ESTATE INVESTMENT FUND INDEX (IFIX),SEGMENTS AND SECTORS
282,RRRP3,3R PETROLEUM,SMLL,SMALLCAP INDEX (SMLL),SEGMENTS AND SECTORS
283,AZUL4,AZUL,SMLL,SMALLCAP INDEX (SMLL),SEGMENTS AND SECTORS
284,BMOB3,BEMOBI TECH,SMLL,SMALLCAP INDEX (SMLL),SEGMENTS AND SECTORS
285,ECOR3,ECORODOVIAS,SMLL,SMALLCAP INDEX (SMLL),SEGMENTS AND SECTORS
286,ENJU3,ENJOEI,SMLL,SMALLCAP INDEX (SMLL),SEGMENTS AND SECTORS
287,GOLL4,GOL,SMLL,SMALLCAP INDEX (SMLL),SEGMENTS AND SECTORS
288,HBSA3,HIDROVIAS,SMLL,SMALLCAP INDEX (SMLL),SEGMENTS AND SECTORS
289,IRBR3,IRBBRASIL RE,SMLL,SMALLCAP INDEX (SMLL),SEGMENTS AND SECTORS
290,KEPL3,KEPLER WEBER,SMLL,SMALLCAP INDEX (SMLL),SEGMENTS AND SECTORS
291,LWSA3,LOCAWEB,SMLL,SMALLCAP INDEX (SMLL),SEGMENTS AND SECTORS
292,LOGN3,LOG-IN,SMLL,SMALLCAP INDEX (SMLL),SEGMENTS AND SECTORS
293,CASH3,MELIUZ,SMLL,SMALLCAP INDEX (SMLL),SEGMENTS AND SECTORS
294,MILS3,MILLS,SMLL,SMALLCAP INDEX (SMLL),SEGMENTS AND SECTORS
295,MOSI3,MOSAICO,SMLL,SMALLCAP INDEX (SMLL),SEGMENTS AND SECTORS
296,NGRD3,NEOGRID,SMLL,SMALLCAP INDEX (SMLL),SEGMENTS AND SECTORS
297,OPCT3,OCEANPACT,SMLL,SMALLCAP INDEX (SMLL),SEGMENTS AND SECTORS
298,RCSL3,RECRUSUL,SMLL,SMALLCAP INDEX (SMLL),SEGMENTS AND SECTORS
299,RCSL4,RECRUSUL,SMLL,SMALLCAP INDEX (SMLL),SEGMENTS AND SECTORS
300,STBP3,SANTOS BRP,SMLL,SMALLCAP INDEX (SMLL),SEGMENTS AND SECTORS
301,SHUL4,SCHULZ,SMLL,SMALLCAP INDEX (SMLL),SEGMENTS AND SECTORS
302,SEQL3,SEQUOIA LOG,SMLL,SMALLCAP INDEX (SMLL),SEGMENTS AND SECTORS
303,SIMH3,SIMPAR,SMLL,SMALLCAP INDEX (SMLL),SEGMENTS AND SECTORS
304,SQIA3,SINQIA,SMLL,SMALLCAP INDEX (SMLL),SEGMENTS AND SECTORS
305,TPIS3,TRIUNFO PART,SMLL,SMALLCAP INDEX (SMLL),SEGMENTS AND SECTORS
306,VLID3,VALID,SMLL,SMALLCAP INDEX (SMLL),SEGMENTS AND SECTORS
307,WEST3,WESTWING,SMLL,SMALLCAP INDEX (SMLL),SEGMENTS AND SECTORS
308,MMMC34,3M,BDRX,UNSPONSORED BDR INDEX-GLOBAL (BDRX),SEGMENTS AND SECTORS
309,ABUD34,AB INBEV,BDRX,UNSPONSORED BDR INDEX-GLOBAL (BDRX),SEGMENTS AND SECTORS
310,A1BB34,ABB LTD,BDRX,UNSPONSORED BDR INDEX-GLOBAL (BDRX),SEGMENTS AND SECTORS
311,ABTT34,ABBOTT,BDRX,UNSPONSORED BDR INDEX-GLOBAL (BDRX),SEGMENTS AND SECTORS
312,ABBV34,ABBVIE,BDRX,UNSPONSORED BDR INDEX-GLOBAL (BDRX),SEGMENTS AND SECTORS
313,A1BM34,ABIOMED INC,BDRX,UNSPONSORED BDR INDEX-GLOBAL (BDRX),SEGMENTS AND SECTORS
314,ACNB34,ACCENTURE,BDRX,UNSPONSORED BDR INDEX-GLOBAL (BDRX),SEGMENTS AND SECTORS
315,ATVI34,ACTIVISION,BDRX,UNSPONSORED BDR INDEX-GLOBAL (BDRX),SEGMENTS AND SECTORS
316,ADBE34,ADOBE INC,BDRX,UNSPONSORED BDR INDEX-GLOBAL (BDRX),SEGMENTS AND SECTORS
317,A1AP34,ADVANCE AUTO,BDRX,UNSPONSORED BDR INDEX-GLOBAL (BDRX),SEGMENTS AND SECTORS
318,A1MD34,ADVANCED MIC,BDRX,UNSPONSORED BDR INDEX-GLOBAL (BDRX),SEGMENTS AND SECTORS
319,A1EG34,AEGON NV,BDRX,UNSPONSORED BDR INDEX-GLOBAL (BDRX),SEGMENTS AND SECTORS
320,A1ES34,AES CORP,BDRX,UNSPONSORED BDR INDEX-GLOBAL (BDRX),SEGMENTS AND SECTORS
321,A1KA34,AKAMAI TECHN,BDRX,UNSPONSORED BDR INDEX-GLOBAL (BDRX),SEGMENTS AND SECTORS
322,A1LB34,ALBEMARLE CO,BDRX,UNSPONSORED BDR INDEX-GLOBAL (BDRX),SEGMENTS AND SECTORS
323,A1RE34,ALEXANDRIA R,BDRX,UNSPONSORED BDR INDEX-GLOBAL (BDRX),SEGMENTS AND SECTORS
324,BABA34,ALIBABAGR,BDRX,UNSPONSORED BDR INDEX-GLOBAL (BDRX),SEGMENTS AND SECTORS
325,A1LL34,ALLIANCE DAT,BDRX,UNSPONSORED BDR INDEX-GLOBAL (BDRX),SEGMENTS AND SECTORS
326,A1LN34,ALNYLAM PHAR,BDRX,UNSPONSORED BDR INDEX-GLOBAL (BDRX),SEGMENTS AND SECTORS
327,GOGL34,ALPHABET,BDRX,UNSPONSORED BDR INDEX-GLOBAL (BDRX),SEGMENTS AND SECTORS
328,GOGL35,ALPHABET,BDRX,UNSPONSORED BDR INDEX-GLOBAL (BDRX),SEGMENTS AND SECTORS
329,A1YX34,ALTERYX INC,BDRX,UNSPONSORED BDR INDEX-GLOBAL (BDRX),SEGMENTS AND SECTORS
330,MOOO34,ALTRIA GROUP,BDRX,UNSPONSORED BDR INDEX-GLOBAL (BDRX),SEGMENTS AND SECTORS
331,AMZO34,AMAZON,BDRX,UNSPONSORED BDR INDEX-GLOBAL (BDRX),SEGMENTS AND SECTORS
332,A1MX34,AMERICAMOVIL,BDRX,UNSPONSORED BDR INDEX-GLOBAL (BDRX),SEGMENTS AND SECTORS
333,AALL34,AMERICAN AIR,BDRX,UNSPONSORED BDR INDEX-GLOBAL (BDRX),SEGMENTS AND SECTORS
334,AXPB34,AMERICAN EXP,BDRX,UNSPONSORED BDR INDEX-GLOBAL (BDRX),SEGMENTS AND SECTORS
335,T1OW34,AMERICAN TOW,BDRX,UNSPONSORED BDR INDEX-GLOBAL (BDRX),SEGMENTS AND SECTORS
336,AMGN34,AMGEN,BDRX,UNSPONSORED BDR INDEX-GLOBAL (BDRX),SEGMENTS AND SECTORS
337,A1UA34,ANGLOGOLD AS,BDRX,UNSPONSORED BDR INDEX-GLOBAL (BDRX),SEGMENTS AND SECTORS
338,A1PA34,APA CORP,BDRX,UNSPONSORED BDR INDEX-GLOBAL (BDRX),SEGMENTS AND SECTORS
339,A1IV34,APARTMENT IN,BDRX,UNSPONSORED BDR INDEX-GLOBAL (BDRX),SEGMENTS AND SECTORS
340,AAPL34,APPLE,BDRX,UNSPONSORED BDR INDEX-GLOBAL (BDRX),SEGMENTS AND SECTORS
341,A1MT34,APPLIED MATE,BDRX,UNSPONSORED BDR INDEX-GLOBAL (BDRX),SEGMENTS AND SECTORS
342,ARMT34,ARCELOR,BDRX,UNSPONSORED BDR INDEX-GLOBAL (BDRX),SEGMENTS AND SECTORS
343,ASML34,ASML HOLD,BDRX,UNSPONSORED BDR INDEX-GLOBAL (BDRX),SEGMENTS AND SECTORS
344,A1ZN34,ASTRAZENECA,BDRX,UNSPONSORED BDR INDEX-GLOBAL (BDRX),SEGMENTS AND SECTORS
345,ATTB34,ATT INC,BDRX,UNSPONSORED BDR INDEX-GLOBAL (BDRX),SEGMENTS AND SECTORS
346,A1UT34,AUTODESK INC,BDRX,UNSPONSORED BDR INDEX-GLOBAL (BDRX),SEGMENTS AND SECTORS
347,A1VB34,AVALONBAY CO,BDRX,UNSPONSORED BDR INDEX-GLOBAL (BDRX),SEGMENTS AND SECTORS
348,BIDU34,BAIDU INC,BDRX,UNSPONSORED BDR INDEX-GLOBAL (BDRX),SEGMENTS AND SECTORS
349,B1SA34,BANCO SANTAN,BDRX,UNSPONSORED BDR INDEX-GLOBAL (BDRX),SEGMENTS AND SECTORS
350,BOAC34,BANK AMERICA,BDRX,UNSPONSORED BDR INDEX-GLOBAL (BDRX),SEGMENTS AND SECTORS
351,B1CS34,BARCLAYS PLC,BDRX,UNSPONSORED BDR INDEX-GLOBAL (BDRX),SEGMENTS AND SECTORS
352,BERK34,BERKSHIRE,BDRX,UNSPONSORED BDR INDEX-GLOBAL (BDRX),SEGMENTS AND SECTORS
353,BBYY34,BEST BUY,BDRX,UNSPONSORED BDR INDEX-GLOBAL (BDRX),SEGMENTS AND SECTORS
354,B1IL34,BILIBILI INC,BDRX,UNSPONSORED BDR INDEX-GLOBAL (BDRX),SEGMENTS AND SECTORS
355,BIIB34,BIOGEN,BDRX,UNSPONSORED BDR INDEX-GLOBAL (BDRX),SEGMENTS AND SECTORS
356,B1NT34,BIONTECH SE,BDRX,UNSPONSORED BDR INDEX-GLOBAL (BDRX),SEGMENTS AND SECTORS
357,BLAK34,BLACKROCK,BDRX,UNSPONSORED BDR INDEX-GLOBAL (BDRX),SEGMENTS AND SECTORS
358,BONY34,BNY MELLON,BDRX,UNSPONSORED BDR INDEX-GLOBAL (BDRX),SEGMENTS AND SECTORS
359,BOEI34,BOEING,BDRX,UNSPONSORED BDR INDEX-GLOBAL (BDRX),SEGMENTS AND SECTORS
360,BKNG34,BOOKING,BDRX,UNSPONSORED BDR INDEX-GLOBAL (BDRX),SEGMENTS AND SECTORS
361,BOXP34,BOSTON PROP,BDRX,UNSPONSORED BDR INDEX-GLOBAL (BDRX),SEGMENTS AND SECTORS
362,B1SX34,BOSTON SCIEN,BDRX,UNSPONSORED BDR INDEX-GLOBAL (BDRX),SEGMENTS AND SECTORS
363,B1PP34,BP PLC,BDRX,UNSPONSORED BDR INDEX-GLOBAL (BDRX),SEGMENTS AND SECTORS
364,BMYB34,BRISTOLMYERS,BDRX,UNSPONSORED BDR INDEX-GLOBAL (BDRX),SEGMENTS AND SECTORS
365,B1TI34,BRITISH AMER,BDRX,UNSPONSORED BDR INDEX-GLOBAL (BDRX),SEGMENTS AND SECTORS
366,AVGO34,BROADCOM INC,BDRX,UNSPONSORED BDR INDEX-GLOBAL (BDRX),SEGMENTS AND SECTORS
367,CAPH34,CAPRI HOLDI,BDRX,UNSPONSORED BDR INDEX-GLOBAL (BDRX),SEGMENTS AND SECTORS
368,C1CL34,CARNIVAL COR,BDRX,UNSPONSORED BDR INDEX-GLOBAL (BDRX),SEGMENTS AND SECTORS
369,CATP34,CATERPILLAR,BDRX,UNSPONSORED BDR INDEX-GLOBAL (BDRX),SEGMENTS AND SECTORS
370,CHCM34,CHARTER COMM,BDRX,UNSPONSORED BDR INDEX-GLOBAL (BDRX),SEGMENTS AND SECTORS
371,CHVX34,CHEVRON,BDRX,UNSPONSORED BDR INDEX-GLOBAL (BDRX),SEGMENTS AND SECTORS
372,C1HI34,CHINA PETROL,BDRX,UNSPONSORED BDR INDEX-GLOBAL (BDRX),SEGMENTS AND SECTORS
373,C1IC34,CIGNA CORP,BDRX,UNSPONSORED BDR INDEX-GLOBAL (BDRX),SEGMENTS AND SECTORS
374,CSCO34,CISCO,BDRX,UNSPONSORED BDR INDEX-GLOBAL (BDRX),SEGMENTS AND SECTORS
375,CTGP34,CITIGROUP,BDRX,UNSPONSORED BDR INDEX-GLOBAL (BDRX),SEGMENTS AND SECTORS
376,COCA34,COCA COLA,BDRX,UNSPONSORED BDR INDEX-GLOBAL (BDRX),SEGMENTS AND SECTORS
377,COLG34,COLGATE,BDRX,UNSPONSORED BDR INDEX-GLOBAL (BDRX),SEGMENTS AND SECTORS
378,CMCS34,COMCAST,BDRX,UNSPONSORED BDR INDEX-GLOBAL (BDRX),SEGMENTS AND SECTORS
379,COPH34,COPHILLIPS,BDRX,UNSPONSORED BDR INDEX-GLOBAL (BDRX),SEGMENTS AND SECTORS
380,C1TV34,CORTEVA INC,BDRX,UNSPONSORED BDR INDEX-GLOBAL (BDRX),SEGMENTS AND SECTORS
381,COWC34,COSTCO,BDRX,UNSPONSORED BDR INDEX-GLOBAL (BDRX),SEGMENTS AND SECTORS
382,COTY34,COTY INC,BDRX,UNSPONSORED BDR INDEX-GLOBAL (BDRX),SEGMENTS AND SECTORS
383,C1SU34,CREDIT SUISS,BDRX,UNSPONSORED BDR INDEX-GLOBAL (BDRX),SEGMENTS AND SECTORS
384,CRIP34,CTRIPCOM,BDRX,UNSPONSORED BDR INDEX-GLOBAL (BDRX),SEGMENTS AND SECTORS
385,CVSH34,CVS HEALTH,BDRX,UNSPONSORED BDR INDEX-GLOBAL (BDRX),SEGMENTS AND SECTORS
386,DHER34,DANAHER CORP,BDRX,UNSPONSORED BDR INDEX-GLOBAL (BDRX),SEGMENTS AND SECTORS
387,DEEC34,DEERE CO,BDRX,UNSPONSORED BDR INDEX-GLOBAL (BDRX),SEGMENTS AND SECTORS
388,D1EL34,DELL TECHNOL,BDRX,UNSPONSORED BDR INDEX-GLOBAL (BDRX),SEGMENTS AND SECTORS
389,DEAI34,DELTA,BDRX,UNSPONSORED BDR INDEX-GLOBAL (BDRX),SEGMENTS AND SECTORS
390,DBAG34,DEUTSCHE AK,BDRX,UNSPONSORED BDR INDEX-GLOBAL (BDRX),SEGMENTS AND SECTORS
391,F1AN34,DIAMONDBACK,BDRX,UNSPONSORED BDR INDEX-GLOBAL (BDRX),SEGMENTS AND SECTORS
392,D1LR34,DIGITAL REAL,BDRX,UNSPONSORED BDR INDEX-GLOBAL (BDRX),SEGMENTS AND SECTORS
393,D1OC34,DOCUSIGN INC,BDRX,UNSPONSORED BDR INDEX-GLOBAL (BDRX),SEGMENTS AND SECTORS
394,DGCO34,DOLLAR GENER,BDRX,UNSPONSORED BDR INDEX-GLOBAL (BDRX),SEGMENTS AND SECTORS
395,EBAY34,EBAY,BDRX,UNSPONSORED BDR INDEX-GLOBAL (BDRX),SEGMENTS AND SECTORS
396,EAIN34,ELECTR ARTS,BDRX,UNSPONSORED BDR INDEX-GLOBAL (BDRX),SEGMENTS AND SECTORS
397,E1NI34,ENEL AMERICA,BDRX,UNSPONSORED BDR INDEX-GLOBAL (BDRX),SEGMENTS AND SECTORS
398,EQIX34,EQUINIX INC,BDRX,UNSPONSORED BDR INDEX-GLOBAL (BDRX),SEGMENTS AND SECTORS
399,E1QR34,EQUITY RESID,BDRX,UNSPONSORED BDR INDEX-GLOBAL (BDRX),SEGMENTS AND SECTORS
400,E1RI34,ERICSSON LM,BDRX,UNSPONSORED BDR INDEX-GLOBAL (BDRX),SEGMENTS AND SECTORS
401,E1SS34,ESSEX PROPER,BDRX,UNSPONSORED BDR INDEX-GLOBAL (BDRX),SEGMENTS AND SECTORS
402,EXXO34,EXXON MOBIL,BDRX,UNSPONSORED BDR INDEX-GLOBAL (BDRX),SEGMENTS AND SECTORS
403,FBOK34,FACEBOOK,BDRX,UNSPONSORED BDR INDEX-GLOBAL (BDRX),SEGMENTS AND SECTORS
404,F1RI34,FEDERAL REAL,BDRX,UNSPONSORED BDR INDEX-GLOBAL (BDRX),SEGMENTS AND SECTORS
405,FDXB34,FEDEX CORP,BDRX,UNSPONSORED BDR INDEX-GLOBAL (BDRX),SEGMENTS AND SECTORS
406,F1NI34,FIDELITY NAT,BDRX,UNSPONSORED BDR INDEX-GLOBAL (BDRX),SEGMENTS AND SECTORS
407,FSLR34,FIRST SOLAR,BDRX,UNSPONSORED BDR INDEX-GLOBAL (BDRX),SEGMENTS AND SECTORS
408,FDMO34,FORD MOTORS,BDRX,UNSPONSORED BDR INDEX-GLOBAL (BDRX),SEGMENTS AND SECTORS
409,FCXO34,FREEPORT,BDRX,UNSPONSORED BDR INDEX-GLOBAL (BDRX),SEGMENTS AND SECTORS
410,GEOO34,GE,BDRX,UNSPONSORED BDR INDEX-GLOBAL (BDRX),SEGMENTS AND SECTORS
411,GMCO34,GENERAL MOT,BDRX,UNSPONSORED BDR INDEX-GLOBAL (BDRX),SEGMENTS AND SECTORS
412,GILD34,GILEAD,BDRX,UNSPONSORED BDR INDEX-GLOBAL (BDRX),SEGMENTS AND SECTORS
413,G1SK34,GLAXOSMITHKL,BDRX,UNSPONSORED BDR INDEX-GLOBAL (BDRX),SEGMENTS AND SECTORS
414,G1FI34,GOLD FIELDS,BDRX,UNSPONSORED BDR INDEX-GLOBAL (BDRX),SEGMENTS AND SECTORS
415,GSGI34,GOLDMANSACHS,BDRX,UNSPONSORED BDR INDEX-GLOBAL (BDRX),SEGMENTS AND SECTORS
416,GPRO34,GOPRO,BDRX,UNSPONSORED BDR INDEX-GLOBAL (BDRX),SEGMENTS AND SECTORS
417,HOME34,HOME DEPOT,BDRX,UNSPONSORED BDR INDEX-GLOBAL (BDRX),SEGMENTS AND SECTORS
418,HOND34,HONDA MO,BDRX,UNSPONSORED BDR INDEX-GLOBAL (BDRX),SEGMENTS AND SECTORS
419,H1ZN34,HORIZON THER,BDRX,UNSPONSORED BDR INDEX-GLOBAL (BDRX),SEGMENTS AND SECTORS
420,HPQB34,HP COMPANY,BDRX,UNSPONSORED BDR INDEX-GLOBAL (BDRX),SEGMENTS AND SECTORS
421,H1SB34,HSBC HOLDING,BDRX,UNSPONSORED BDR INDEX-GLOBAL (BDRX),SEGMENTS AND SECTORS
422,IBMB34,IBM,BDRX,UNSPONSORED BDR INDEX-GLOBAL (BDRX),SEGMENTS AND SECTORS
423,I1LM34,ILLUMINA INC,BDRX,UNSPONSORED BDR INDEX-GLOBAL (BDRX),SEGMENTS AND SECTORS
424,ITLC34,INTEL,BDRX,UNSPONSORED BDR INDEX-GLOBAL (BDRX),SEGMENTS AND SECTORS
425,I1RM34,IRON MOUNTAI,BDRX,UNSPONSORED BDR INDEX-GLOBAL (BDRX),SEGMENTS AND SECTORS
426,JDCO34,JD COM,BDRX,UNSPONSORED BDR INDEX-GLOBAL (BDRX),SEGMENTS AND SECTORS
427,JNJB34,JOHNSON,BDRX,UNSPONSORED BDR INDEX-GLOBAL (BDRX),SEGMENTS AND SECTORS
428,JPMC34,JPMORGAN,BDRX,UNSPONSORED BDR INDEX-GLOBAL (BDRX),SEGMENTS AND SECTORS
429,KHCB34,KRAFT HEINZ,BDRX,UNSPONSORED BDR INDEX-GLOBAL (BDRX),SEGMENTS AND SECTORS
430,L1RC34,LAM RESEARCH,BDRX,UNSPONSORED BDR INDEX-GLOBAL (BDRX),SEGMENTS AND SECTORS
431,LILY34,LILLY,BDRX,UNSPONSORED BDR INDEX-GLOBAL (BDRX),SEGMENTS AND SECTORS
432,L1YG34,LLOYDS BANKI,BDRX,UNSPONSORED BDR INDEX-GLOBAL (BDRX),SEGMENTS AND SECTORS
433,LOWC34,LOWES COMPA,BDRX,UNSPONSORED BDR INDEX-GLOBAL (BDRX),SEGMENTS AND SECTORS
434,L1MN34,LUMEN TECH,BDRX,UNSPONSORED BDR INDEX-GLOBAL (BDRX),SEGMENTS AND SECTORS
435,MACY34,MACY S,BDRX,UNSPONSORED BDR INDEX-GLOBAL (BDRX),SEGMENTS AND SECTORS
436,MSCD34,MASTERCARD,BDRX,UNSPONSORED BDR INDEX-GLOBAL (BDRX),SEGMENTS AND SECTORS
437,MCDC34,MCDONALDS,BDRX,UNSPONSORED BDR INDEX-GLOBAL (BDRX),SEGMENTS AND SECTORS
438,MDTC34,MEDTRONIC,BDRX,UNSPONSORED BDR INDEX-GLOBAL (BDRX),SEGMENTS AND SECTORS
439,MELI34,MERCADOLIBRE,BDRX,UNSPONSORED BDR INDEX-GLOBAL (BDRX),SEGMENTS AND SECTORS
440,M1GM34,MGM RESORTS,BDRX,UNSPONSORED BDR INDEX-GLOBAL (BDRX),SEGMENTS AND SECTORS
441,MUTC34,MICRON TECHN,BDRX,UNSPONSORED BDR INDEX-GLOBAL (BDRX),SEGMENTS AND SECTORS
442,MSFT34,MICROSOFT,BDRX,UNSPONSORED BDR INDEX-GLOBAL (BDRX),SEGMENTS AND SECTORS
443,M1RN34,MODERNA INC,BDRX,UNSPONSORED BDR INDEX-GLOBAL (BDRX),SEGMENTS AND SECTORS
444,MDLZ34,MONDELEZ INT,BDRX,UNSPONSORED BDR INDEX-GLOBAL (BDRX),SEGMENTS AND SECTORS
445,M1NS34,MONSTER BEVE,BDRX,UNSPONSORED BDR INDEX-GLOBAL (BDRX),SEGMENTS AND SECTORS
446,MSBR34,MORGAN STAN,BDRX,UNSPONSORED BDR INDEX-GLOBAL (BDRX),SEGMENTS AND SECTORS
447,MOSC34,MOSAIC CO,BDRX,UNSPONSORED BDR INDEX-GLOBAL (BDRX),SEGMENTS AND SECTORS
448,N1DA34,NASDAQ INC,BDRX,UNSPONSORED BDR INDEX-GLOBAL (BDRX),SEGMENTS AND SECTORS
449,NETE34,NETEASE,BDRX,UNSPONSORED BDR INDEX-GLOBAL (BDRX),SEGMENTS AND SECTORS
450,NFLX34,NETFLIX,BDRX,UNSPONSORED BDR INDEX-GLOBAL (BDRX),SEGMENTS AND SECTORS
451,E1DU34,NEW ORIENTAL,BDRX,UNSPONSORED BDR INDEX-GLOBAL (BDRX),SEGMENTS AND SECTORS
452,N1EM34,NEWMONT GOLD,BDRX,UNSPONSORED BDR INDEX-GLOBAL (BDRX),SEGMENTS AND SECTORS
453,NEXT34,NEXTERA ENER,BDRX,UNSPONSORED BDR INDEX-GLOBAL (BDRX),SEGMENTS AND SECTORS
454,NIKE34,NIKE,BDRX,UNSPONSORED BDR INDEX-GLOBAL (BDRX),SEGMENTS AND SECTORS
455,NOKI34,NOKIA CORP,BDRX,UNSPONSORED BDR INDEX-GLOBAL (BDRX),SEGMENTS AND SECTORS
456,N1CL34,NORWEGIAN CR,BDRX,UNSPONSORED BDR INDEX-GLOBAL (BDRX),SEGMENTS AND SECTORS
457,N1VS34,NOVARTIS AG,BDRX,UNSPONSORED BDR INDEX-GLOBAL (BDRX),SEGMENTS AND SECTORS
458,N1VO34,NOVO NORDISK,BDRX,UNSPONSORED BDR INDEX-GLOBAL (BDRX),SEGMENTS AND SECTORS
459,NVDC34,NVIDIA CORP,BDRX,UNSPONSORED BDR INDEX-GLOBAL (BDRX),SEGMENTS AND SECTORS
460,OXYP34,OCCIDENT PTR,BDRX,UNSPONSORED BDR INDEX-GLOBAL (BDRX),SEGMENTS AND SECTORS
461,ORCL34,ORACLE,BDRX,UNSPONSORED BDR INDEX-GLOBAL (BDRX),SEGMENTS AND SECTORS
462,PYPL34,PAYPAL HOLD,BDRX,UNSPONSORED BDR INDEX-GLOBAL (BDRX),SEGMENTS AND SECTORS
463,PEPB34,PEPSICO INC,BDRX,UNSPONSORED BDR INDEX-GLOBAL (BDRX),SEGMENTS AND SECTORS
464,PTCH34,PETROCHIN,BDRX,UNSPONSORED BDR INDEX-GLOBAL (BDRX),SEGMENTS AND SECTORS
465,PFIZ34,PFIZER,BDRX,UNSPONSORED BDR INDEX-GLOBAL (BDRX),SEGMENTS AND SECTORS
466,PGCO34,PG,BDRX,UNSPONSORED BDR INDEX-GLOBAL (BDRX),SEGMENTS AND SECTORS
467,PHMO34,PHILIP MORRI,BDRX,UNSPONSORED BDR INDEX-GLOBAL (BDRX),SEGMENTS AND SECTORS
468,P1DD34,PINDUODUO IN,BDRX,UNSPONSORED BDR INDEX-GLOBAL (BDRX),SEGMENTS AND SECTORS
469,P1LD34,PROLOGIS INC,BDRX,UNSPONSORED BDR INDEX-GLOBAL (BDRX),SEGMENTS AND SECTORS
470,QCOM34,QUALCOMM,BDRX,UNSPONSORED BDR INDEX-GLOBAL (BDRX),SEGMENTS AND SECTORS
471,RYTT34,RAYTHEONTECH,BDRX,UNSPONSORED BDR INDEX-GLOBAL (BDRX),SEGMENTS AND SECTORS
472,RDSA34,RD SHELL,BDRX,UNSPONSORED BDR INDEX-GLOBAL (BDRX),SEGMENTS AND SECTORS
473,R1IN34,REALTY INCOM,BDRX,UNSPONSORED BDR INDEX-GLOBAL (BDRX),SEGMENTS AND SECTORS
474,REGN34,REGENERON PH,BDRX,UNSPONSORED BDR INDEX-GLOBAL (BDRX),SEGMENTS AND SECTORS
475,RIOT34,RIO TINTO,BDRX,UNSPONSORED BDR INDEX-GLOBAL (BDRX),SEGMENTS AND SECTORS
476,R1KU34,ROKU INC,BDRX,UNSPONSORED BDR INDEX-GLOBAL (BDRX),SEGMENTS AND SECTORS
477,R1CL34,ROYAL CARIBB,BDRX,UNSPONSORED BDR INDEX-GLOBAL (BDRX),SEGMENTS AND SECTORS
478,SSFO34,SALESFORCE,BDRX,UNSPONSORED BDR INDEX-GLOBAL (BDRX),SEGMENTS AND SECTORS
479,BCSA34,SANTANDER,BDRX,UNSPONSORED BDR INDEX-GLOBAL (BDRX),SEGMENTS AND SECTORS
480,SAPP34,SAP SE,BDRX,UNSPONSORED BDR INDEX-GLOBAL (BDRX),SEGMENTS AND SECTORS
481,SCHW34,SCHWAB,BDRX,UNSPONSORED BDR INDEX-GLOBAL (BDRX),SEGMENTS AND SECTORS
482,N1OW34,SERVICENOW,BDRX,UNSPONSORED BDR INDEX-GLOBAL (BDRX),SEGMENTS AND SECTORS
483,SIMN34,SIMON PROP,BDRX,UNSPONSORED BDR INDEX-GLOBAL (BDRX),SEGMENTS AND SECTORS
484,S1LG34,SL GREEN REA,BDRX,UNSPONSORED BDR INDEX-GLOBAL (BDRX),SEGMENTS AND SECTORS
485,SNEC34,SONY GROUP,BDRX,UNSPONSORED BDR INDEX-GLOBAL (BDRX),SEGMENTS AND SECTORS
486,S1PL34,SPLUNK INC,BDRX,UNSPONSORED BDR INDEX-GLOBAL (BDRX),SEGMENTS AND SECTORS
487,S1PO34,SPOTIFY TECH,BDRX,UNSPONSORED BDR INDEX-GLOBAL (BDRX),SEGMENTS AND SECTORS
488,SBUB34,STARBUCKS,BDRX,UNSPONSORED BDR INDEX-GLOBAL (BDRX),SEGMENTS AND SECTORS
489,TSMC34,TAIWANSMFAC,BDRX,UNSPONSORED BDR INDEX-GLOBAL (BDRX),SEGMENTS AND SECTORS
490,T1TW34,TAKE-TWO INT,BDRX,UNSPONSORED BDR INDEX-GLOBAL (BDRX),SEGMENTS AND SECTORS
491,T1AL34,TAL EDUCATIO,BDRX,UNSPONSORED BDR INDEX-GLOBAL (BDRX),SEGMENTS AND SECTORS
492,TPRY34,TAPESTRY INC,BDRX,UNSPONSORED BDR INDEX-GLOBAL (BDRX),SEGMENTS AND SECTORS
493,TGTB34,TARGET CORP,BDRX,UNSPONSORED BDR INDEX-GLOBAL (BDRX),SEGMENTS AND SECTORS
494,TLNC34,TELEFONIC,BDRX,UNSPONSORED BDR INDEX-GLOBAL (BDRX),SEGMENTS AND SECTORS
495,TSLA34,TESLA INC,BDRX,UNSPONSORED BDR INDEX-GLOBAL (BDRX),SEGMENTS AND SECTORS
496,TEXA34,TEXAS INC,BDRX,UNSPONSORED BDR INDEX-GLOBAL (BDRX),SEGMENTS AND SECTORS
497,TMOS34,THERMFISCHER,BDRX,UNSPONSORED BDR INDEX-GLOBAL (BDRX),SEGMENTS AND SECTORS
498,TMCO34,TOYOTAMO,BDRX,UNSPONSORED BDR INDEX-GLOBAL (BDRX),SEGMENTS AND SECTORS
499,RIGG34,TRANSOCEAN,BDRX,UNSPONSORED BDR INDEX-GLOBAL (BDRX),SEGMENTS AND SECTORS
500,T1RI34,TRIPADVISOR,BDRX,UNSPONSORED BDR INDEX-GLOBAL (BDRX),SEGMENTS AND SECTORS
501,T1WL34,TWILIO INC,BDRX,UNSPONSORED BDR INDEX-GLOBAL (BDRX),SEGMENTS AND SECTORS
502,TWTR34,TWITTER,BDRX,UNSPONSORED BDR INDEX-GLOBAL (BDRX),SEGMENTS AND SECTORS
503,U1BE34,UBER TECH IN,BDRX,UNSPONSORED BDR INDEX-GLOBAL (BDRX),SEGMENTS AND SECTORS
504,UBSG34,UBS GROUP,BDRX,UNSPONSORED BDR INDEX-GLOBAL (BDRX),SEGMENTS AND SECTORS
505,ULEV34,UNILEVER,BDRX,UNSPONSORED BDR INDEX-GLOBAL (BDRX),SEGMENTS AND SECTORS
506,U1AL34,UNITED AIRLI,BDRX,UNSPONSORED BDR INDEX-GLOBAL (BDRX),SEGMENTS AND SECTORS
507,UNHH34,UNITEDHEALTH,BDRX,UNSPONSORED BDR INDEX-GLOBAL (BDRX),SEGMENTS AND SECTORS
508,UPSS34,UPS,BDRX,UNSPONSORED BDR INDEX-GLOBAL (BDRX),SEGMENTS AND SECTORS
509,USSX34,US STEEL,BDRX,UNSPONSORED BDR INDEX-GLOBAL (BDRX),SEGMENTS AND SECTORS
510,VLOE34,VALERO ENER,BDRX,UNSPONSORED BDR INDEX-GLOBAL (BDRX),SEGMENTS AND SECTORS
511,VERZ34,VERIZON,BDRX,UNSPONSORED BDR INDEX-GLOBAL (BDRX),SEGMENTS AND SECTORS
512,VRTX34,VERTEX PHARM,BDRX,UNSPONSORED BDR INDEX-GLOBAL (BDRX),SEGMENTS AND SECTORS
513,C1BS34,VIACOMCBS,BDRX,UNSPONSORED BDR INDEX-GLOBAL (BDRX),SEGMENTS AND SECTORS
514,VISA34,VISA INC,BDRX,UNSPONSORED BDR INDEX-GLOBAL (BDRX),SEGMENTS AND SECTORS
515,V1NO34,VORNADO REAL,BDRX,UNSPONSORED BDR INDEX-GLOBAL (BDRX),SEGMENTS AND SECTORS
516,WALM34,WAL MART,BDRX,UNSPONSORED BDR INDEX-GLOBAL (BDRX),SEGMENTS AND SECTORS
517,WGBA34,WALGREENS,BDRX,UNSPONSORED BDR INDEX-GLOBAL (BDRX),SEGMENTS AND SECTORS
518,DISB34,WALT DISNEY,BDRX,UNSPONSORED BDR INDEX-GLOBAL (BDRX),SEGMENTS AND SECTORS
519,WFCO34,WELLS FARGO,BDRX,UNSPONSORED BDR INDEX-GLOBAL (BDRX),SEGMENTS AND SECTORS
520,W1IX34,WIX.COM LTD,BDRX,UNSPONSORED BDR INDEX-GLOBAL (BDRX),SEGMENTS AND SECTORS
521,Z1TS34,ZOETIS INC,BDRX,UNSPONSORED BDR INDEX-GLOBAL (BDRX),SEGMENTS AND SECTORS
522,Z1OM34,ZOOM VIDEO,BDRX,UNSPONSORED BDR INDEX-GLOBAL (BDRX),SEGMENTS AND SECTORS
523,GGPS3,GPS,IGCT,CORPORATE GOVERNANCE TRADE INDEX (IGCT),CORPORATE GOVERNANCE
524,TTEN3,3TENTOS,IGNM,NOVO MERCADO CORPORATE GOVERNANCE EQUITY INDEX (IGC-NM),CORPORATE GOVERNANCE
525,AGXY3,AGROGALAXY,IGNM,NOVO MERCADO CORPORATE GOVERNANCE EQUITY INDEX (IGC-NM),CORPORATE GOVERNANCE
526,ALLD3,ALLIED,IGNM,NOVO MERCADO CORPORATE GOVERNANCE EQUITY INDEX (IGC-NM),CORPORATE GOVERNANCE
527,APER3,ALPER S.A.,IGNM,NOVO MERCADO CORPORATE GOVERNANCE EQUITY INDEX (IGC-NM),CORPORATE GOVERNANCE
528,AVLL3,ALPHAVILLE,IGNM,NOVO MERCADO CORPORATE GOVERNANCE EQUITY INDEX (IGC-NM),CORPORATE GOVERNANCE
529,ARML3,ARMAC,IGNM,NOVO MERCADO CORPORATE GOVERNANCE EQUITY INDEX (IGC-NM),CORPORATE GOVERNANCE
530,BLAU3,BLAU,IGNM,NOVO MERCADO CORPORATE GOVERNANCE EQUITY INDEX (IGC-NM),CORPORATE GOVERNANCE
531,SOJA3,BOA SAFRA,IGNM,NOVO MERCADO CORPORATE GOVERNANCE EQUITY INDEX (IGC-NM),CORPORATE GOVERNANCE
532,BRIT3,BRISANET,IGNM,NOVO MERCADO CORPORATE GOVERNANCE EQUITY INDEX (IGC-NM),CORPORATE GOVERNANCE
533,CBAV3,CBA,IGNM,NOVO MERCADO CORPORATE GOVERNANCE EQUITY INDEX (IGC-NM),CORPORATE GOVERNANCE
534,CLSA3,CLEARSALE,IGNM,NOVO MERCADO CORPORATE GOVERNANCE EQUITY INDEX (IGC-NM),CORPORATE GOVERNANCE
535,CSED3,CRUZEIRO EDU,IGNM,NOVO MERCADO CORPORATE GOVERNANCE EQUITY INDEX (IGC-NM),CORPORATE GOVERNANCE
536,DMVF3,D1000VFARMA,IGNM,NOVO MERCADO CORPORATE GOVERNANCE EQUITY INDEX (IGC-NM),CORPORATE GOVERNANCE
537,DASA3,DASA,IGNM,NOVO MERCADO CORPORATE GOVERNANCE EQUITY INDEX (IGC-NM),CORPORATE GOVERNANCE
538,DESK3,DESKTOP,IGNM,NOVO MERCADO CORPORATE GOVERNANCE EQUITY INDEX (IGC-NM),CORPORATE GOVERNANCE
539,DOTZ3,DOTZ SA,IGNM,NOVO MERCADO CORPORATE GOVERNANCE EQUITY INDEX (IGC-NM),CORPORATE GOVERNANCE
540,ELMD3,ELETROMIDIA,IGNM,NOVO MERCADO CORPORATE GOVERNANCE EQUITY INDEX (IGC-NM),CORPORATE GOVERNANCE
541,ALPK3,ESTAPAR,IGNM,NOVO MERCADO CORPORATE GOVERNANCE EQUITY INDEX (IGC-NM),CORPORATE GOVERNANCE
542,POWE3,FOCUS ON,IGNM,NOVO MERCADO CORPORATE GOVERNANCE EQUITY INDEX (IGC-NM),CORPORATE GOVERNANCE
543,NINJ3,GETNINJAS,IGNM,NOVO MERCADO CORPORATE GOVERNANCE EQUITY INDEX (IGC-NM),CORPORATE GOVERNANCE
544,HBRE3,HBR REALTY,IGNM,NOVO MERCADO CORPORATE GOVERNANCE EQUITY INDEX (IGC-NM),CORPORATE GOVERNANCE
545,IFCM3,INFRACOMM,IGNM,NOVO MERCADO CORPORATE GOVERNANCE EQUITY INDEX (IGC-NM),CORPORATE GOVERNANCE
546,JALL3,JALLESMACHAD,IGNM,NOVO MERCADO CORPORATE GOVERNANCE EQUITY INDEX (IGC-NM),CORPORATE GOVERNANCE
547,JSLG3,JSL,IGNM,NOVO MERCADO CORPORATE GOVERNANCE EQUITY INDEX (IGC-NM),CORPORATE GOVERNANCE
548,KRSA3,KORA SAUDE,IGNM,NOVO MERCADO CORPORATE GOVERNANCE EQUITY INDEX (IGC-NM),CORPORATE GOVERNANCE
549,MATD3,MATER DEI,IGNM,NOVO MERCADO CORPORATE GOVERNANCE EQUITY INDEX (IGC-NM),CORPORATE GOVERNANCE
550,MBLY3,MOBLY,IGNM,NOVO MERCADO CORPORATE GOVERNANCE EQUITY INDEX (IGC-NM),CORPORATE GOVERNANCE
551,MDNE3,MOURA DUBEUX,IGNM,NOVO MERCADO CORPORATE GOVERNANCE EQUITY INDEX (IGC-NM),CORPORATE GOVERNANCE
552,MLAS3,MULTILASER,IGNM,NOVO MERCADO CORPORATE GOVERNANCE EQUITY INDEX (IGC-NM),CORPORATE GOVERNANCE
553,ONCO3,ONCOCLINICAS,IGNM,NOVO MERCADO CORPORATE GOVERNANCE EQUITY INDEX (IGC-NM),CORPORATE GOVERNANCE
554,ORVR3,ORIZON,IGNM,NOVO MERCADO CORPORATE GOVERNANCE EQUITY INDEX (IGC-NM),CORPORATE GOVERNANCE
555,OFSA3,OUROFINO S/A,IGNM,NOVO MERCADO CORPORATE GOVERNANCE EQUITY INDEX (IGC-NM),CORPORATE GOVERNANCE
556,PDTC3,PADTEC,IGNM,NOVO MERCADO CORPORATE GOVERNANCE EQUITY INDEX (IGC-NM),CORPORATE GOVERNANCE
557,RECV3,PETRORECSA,IGNM,NOVO MERCADO CORPORATE GOVERNANCE EQUITY INDEX (IGC-NM),CORPORATE GOVERNANCE
558,PRNR3,PRINER,IGNM,NOVO MERCADO CORPORATE GOVERNANCE EQUITY INDEX (IGC-NM),CORPORATE GOVERNANCE
559,PFRM3,PROFARMA,IGNM,NOVO MERCADO CORPORATE GOVERNANCE EQUITY INDEX (IGC-NM),CORPORATE GOVERNANCE
560,RDNI3,RNI,IGNM,NOVO MERCADO CORPORATE GOVERNANCE EQUITY INDEX (IGC-NM),CORPORATE GOVERNANCE
561,RSID3,ROSSI RESID,IGNM,NOVO MERCADO CORPORATE GOVERNANCE EQUITY INDEX (IGC-NM),CORPORATE GOVERNANCE
562,SCAR3,SAO CARLOS,IGNM,NOVO MERCADO CORPORATE GOVERNANCE EQUITY INDEX (IGC-NM),CORPORATE GOVERNANCE
563,SMFT3,SMART FIT,IGNM,NOVO MERCADO CORPORATE GOVERNANCE EQUITY INDEX (IGC-NM),CORPORATE GOVERNANCE
564,SGPS3,SPRINGS,IGNM,NOVO MERCADO CORPORATE GOVERNANCE EQUITY INDEX (IGC-NM),CORPORATE GOVERNANCE
565,TRAD3,TC,IGNM,NOVO MERCADO CORPORATE GOVERNANCE EQUITY INDEX (IGC-NM),CORPORATE GOVERNANCE
566,LAND3,TERRASANTAPA,IGNM,NOVO MERCADO CORPORATE GOVERNANCE EQUITY INDEX (IGC-NM),CORPORATE GOVERNANCE
567,UCAS3,UNICASA,IGNM,NOVO MERCADO CORPORATE GOVERNANCE EQUITY INDEX (IGC-NM),CORPORATE GOVERNANCE
568,FIQE3,UNIFIQUE,IGNM,NOVO MERCADO CORPORATE GOVERNANCE EQUITY INDEX (IGC-NM),CORPORATE GOVERNANCE
569,VITT3,VITTIA,IGNM,NOVO MERCADO CORPORATE GOVERNANCE EQUITY INDEX (IGC-NM),CORPORATE GOVERNANCE
570,VVEO3,VIVEO,IGNM,NOVO MERCADO CORPORATE GOVERNANCE EQUITY INDEX (IGC-NM),CORPORATE GOVERNANCE
571,LVTC3,WDC NETWORKS,IGNM,NOVO MERCADO CORPORATE GOVERNANCE EQUITY INDEX (IGC-NM),CORPORATE GOVERNANCE
572,ALPA3,ALPARGATAS,IGCX,SPECIAL CORPORATE GOVERNANCE STOCK INDEX (IGC),CORPORATE GOVERNANCE
573,BRSR3,BANRISUL,IGCX,SPECIAL CORPORATE GOVERNANCE STOCK INDEX (IGC),CORPORATE GOVERNANCE
574,BRBI11,BR PARTNERS,IGCX,SPECIAL CORPORATE GOVERNANCE STOCK INDEX (IGC),CORPORATE GOVERNANCE
575,BRAP3,BRADESPAR,IGCX,SPECIAL CORPORATE GOVERNANCE STOCK INDEX (IGC),CORPORATE GOVERNANCE
576,BRKM3,BRASKEM,IGCX,SPECIAL CORPORATE GOVERNANCE STOCK INDEX (IGC),CORPORATE GOVERNANCE
577,CEDO3,CEDRO,IGCX,SPECIAL CORPORATE GOVERNANCE STOCK INDEX (IGC),CORPORATE GOVERNANCE
578,CEDO4,CEDRO,IGCX,SPECIAL CORPORATE GOVERNANCE STOCK INDEX (IGC),CORPORATE GOVERNANCE
579,CLSC4,CELESC,IGCX,SPECIAL CORPORATE GOVERNANCE STOCK INDEX (IGC),CORPORATE GOVERNANCE
580,CESP3,CESP,IGCX,SPECIAL CORPORATE GOVERNANCE STOCK INDEX (IGC),CORPORATE GOVERNANCE
581,CESP5,CESP,IGCX,SPECIAL CORPORATE GOVERNANCE STOCK INDEX (IGC),CORPORATE GOVERNANCE
582,EUCA3,EUCATEX,IGCX,SPECIAL CORPORATE GOVERNANCE STOCK INDEX (IGC),CORPORATE GOVERNANCE
583,EUCA4,EUCATEX,IGCX,SPECIAL CORPORATE GOVERNANCE STOCK INDEX (IGC),CORPORATE GOVERNANCE
584,FESA3,FERBASA,IGCX,SPECIAL CORPORATE GOVERNANCE STOCK INDEX (IGC),CORPORATE GOVERNANCE
585,FRAS3,FRAS-LE,IGCX,SPECIAL CORPORATE GOVERNANCE STOCK INDEX (IGC),CORPORATE GOVERNANCE
586,GGBR3,GERDAU,IGCX,SPECIAL CORPORATE GOVERNANCE STOCK INDEX (IGC),CORPORATE GOVERNANCE
587,GOAU3,GERDAU MET,IGCX,SPECIAL CORPORATE GOVERNANCE STOCK INDEX (IGC),CORPORATE GOVERNANCE
588,ITSA3,ITAUSA,IGCX,SPECIAL CORPORATE GOVERNANCE STOCK INDEX (IGC),CORPORATE GOVERNANCE
589,POMO3,MARCOPOLO,IGCX,SPECIAL CORPORATE GOVERNANCE STOCK INDEX (IGC),CORPORATE GOVERNANCE
590,BMEB3,MERC BRASIL,IGCX,SPECIAL CORPORATE GOVERNANCE STOCK INDEX (IGC),CORPORATE GOVERNANCE
591,BMEB4,MERC BRASIL,IGCX,SPECIAL CORPORATE GOVERNANCE STOCK INDEX (IGC),CORPORATE GOVERNANCE
592,MODL11,MODALMAIS,IGCX,SPECIAL CORPORATE GOVERNANCE STOCK INDEX (IGC),CORPORATE GOVERNANCE
593,PINE4,PINE,IGCX,SPECIAL CORPORATE GOVERNANCE STOCK INDEX (IGC),CORPORATE GOVERNANCE
594,RAIZ4,RAIZEN,IGCX,SPECIAL CORPORATE GOVERNANCE STOCK INDEX (IGC),CORPORATE GOVERNANCE
595,RAPT3,RANDON PART,IGCX,SPECIAL CORPORATE GOVERNANCE STOCK INDEX (IGC),CORPORATE GOVERNANCE
596,TASA3,TAURUS ARMAS,IGCX,SPECIAL CORPORATE GOVERNANCE STOCK INDEX (IGC),CORPORATE GOVERNANCE
597,TFCO4,TRACK FIELD,IGCX,SPECIAL CORPORATE GOVERNANCE STOCK INDEX (IGC),CORPORATE GOVERNANCE
598,TRPL3,TRAN PAULIST,IGCX,SPECIAL CORPORATE GOVERNANCE STOCK INDEX (IGC),CORPORATE GOVERNANCE
599,BAHI3,BAHEMA,ITAG,SPECIAL TAG-ALONG STOCK INDEX (ITAG),CORPORATE GOVERNANCE
600,BGIP3,BANESE,ITAG,SPECIAL TAG-ALONG STOCK INDEX (ITAG),CORPORATE GOVERNANCE
601,BGIP4,BANESE,ITAG,SPECIAL TAG-ALONG STOCK INDEX (ITAG),CORPORATE GOVERNANCE
602,BIOM3,BIOMM,ITAG,SPECIAL TAG-ALONG STOCK INDEX (ITAG),CORPORATE GOVERNANCE
603,BRKM6,BRASKEM,ITAG,SPECIAL TAG-ALONG STOCK INDEX (ITAG),CORPORATE GOVERNANCE
604,CTNM4,COTEMINAS,ITAG,SPECIAL TAG-ALONG STOCK INDEX (ITAG),CORPORATE GOVERNANCE
605,CRDE3,CR2,ITAG,SPECIAL TAG-ALONG STOCK INDEX (ITAG),CORPORATE GOVERNANCE
606,GSHP3,GENERALSHOPP,ITAG,SPECIAL TAG-ALONG STOCK INDEX (ITAG),CORPORATE GOVERNANCE
607,GEPA4,GER PARANAP,ITAG,SPECIAL TAG-ALONG STOCK INDEX (ITAG),CORPORATE GOVERNANCE
